job_name,job_code
ACCOUNTANT,ACCT
ACTOR,AR
ACTUARY,ATR
ADJUSTER,ADJ
ADVENTURER,ADVNTR
ADVOCATE,ADV
AERO NAUT,ANT
AGENT,AGNT
AGIATO,AGT
AGRICULTURER,AGRT
AMBASSADOR,ABSR
ANTIQUE DEALER,ADLR
APOTHECARY,APTC
APPRENDIST or,APDST
AQURATERRUT,AQTUT
ARCHDEACON,ARCHD
ARCHITECT,ACHTT
ARMOURER,AMR
ARMY,AY
ARTISAN,ATSN
ARTIST or,ART
PENCIL,DRAWER
"ARTIST, LYRIC SING",(SIN
ARTISAN,ATSN
ASSISTANT,ASST
"ATff ,ETE",ATH
ATTENDENT,ATTEND
AUCTIONEER,AUC
AUTHOR,AHR
ATTORNEY,ATTNY
BEAD MANUFACTURER,BDMNFTR
B WINDER,BWD
BACKER,BCK
BAGPICKER,BGP
BAGER,BGR
BAKER,BKR
BAILER,BALR
BAILIFF,BALF
BANK CLERK,BAC
BARBER,BBR
BARKEEPER,BRK
BARREL MAKER,CPR
BARRISTER,BAR
(Barman),BTDR
BASKETMAKER,BSKM
BATHER,BTH
BATHER SELLER,BTHS
BATTER,BAT
BEADMAKER,BDMKR
BELLOWS MAKER,BLWMKR
BICYCLE MAKER,BCM
BELL HANGER,BLHGR
BICYCLE RIDER,BCR
BIRD FANCIER,BFCR
BIRD SELLER,BDS
NARA Reference,Copy
BITMAKER,BTM
BLACKSMITH,BLKSMH
BLANKET MAKER,BLNKMR
BLEACHER,BL
BLOCKCUTTER,BLKCTR
BLOCKPRIN'l'ER,BLKP
BLOWER,BLWR
BOATMA.KER,BTMK
BOILERMAKER,BLR
BOATMAN,BOAT
BOARDINGHOUSE KEEPER,BRDKP
BONDSMAN,BDSM
BONNET MAKER,HTR
"BOOKBn""DER",BKBNDR
BOOKKEEPER,BKPR
BOOKMAKER,BKMR
BOOKSELLER,BKSL
BOOTBLACK,BTBLK
BOOTMAKER,BTMKR
BO.OTCLOSER,B~·
BOTANIST,BOTT
BOTSKW,BOT
BOTTLE MAKER,BTLMKR
BON NET BLOCKER,BBLK
BOX MAKER,BXMR
BRAID WEAVER,BDWR
BRASS FINISHER,BRFHR
BRASS FOUNDER,BRF
BRASS,SMITH
BRAZIER,BRZ
BREAD DEALER,BDLR
BREWER,BRR
BRICKERSEI'TER,BRKSTR
BRICKLAYER,BKLYR
BRICKMAKER,BCKM
BROKER,BRKR
BRUSHMAKER,BPJ.1
BUILDER,BLDR
BURGEPJ.1EISTER,MYR
BURGESS,ERG
BUSINESS,BUS
BUSSHER,BSH
BUTCHER,BCHR
BUTLER,BTL
BUTTON FASTENER,BTNF
BUTTON MAKER,BTNM
BUYER,BYR
CABINET MAKER,CBTMKR
CADET,CADT
CALENDER,CALR
CALICO,PRINTER
CANDLE MAKER,CNDL
CANVAS WEAVER,CNWVR
CAPITALIST,CPTLT
CAP MAKER,HTR
CAPTAIN,CPT
CAR BUILDER,CRBLDR
CAR DRIVER,CDR
CAR MAN,CRMN
CARD CUTTER CDC,TR
CARDER,"CADR:"""
CARRIAGE BUILDER/,CBLDR
CARPET MAKER,CRPM
CARPET TRADE,CRTRD
CARPENTER,CPTR
CARRIER,QRYMN
CARVER,CVR
CARVER-GILDER,CVGLD
CAR'J'ER,CRT
CARTWRIGHT,CTW
CASHIER,CSHR
CA. 'S T.. ER,MLDR
CATTLE ATTENDENT,CTLMN
C.A TTLE DEALER •,CTLDLR
CATTLE HERDER,CTLH
CATTLE MEN,CTM
CAULKER,CAK
CELLAR MAN,CLLMN
CHAIN MAKER,CHNMKR
CHAIR MAKER,CHRMKR
CHAMBER MAID,SVNT
CHANDLER,CHND
CHARGER,CGR
CHAPELI ER,HTR
CHASER,CHR
CHASSEUR,CHAS
CHECKER,CKR
CHEESE DEALER,CHD
CHEESE MAKER,CHMAK
CHEESE MANAGER,CHMGR
CHEMICAL MANUFACTURER,CHMMTR
CHEMIST,CMST
CHESS PLAYER,CHP
CH.!!;ST MAKER,CHMKRR
CHIEF FOREMAN,CHFRMN
CHIMNEY CLEANER,CHSWP
CHIMNEY SWEEPER,"CHSWP,"
CIGAR MAKER,CGRMKR
CIGAR TWISTER,CGRTW
CIVIL,CV
CIVIL ENGINEER,CVER
CIVIL SERVICE,CVS
CLERGYMAN/CHURCH,CLGYMN
CLERK,CL
"CLOCK BROKER, MERCHANT",CLKMH
CLOCK MAKER,CLKMKR
CLOGGER,CLG
CLOTH DRAWER,CLD
J CLOTH SHURER,CLSH
CLOTH WORKER,CHWKR
CLOTH FINISHER,CLFN
CLOTHIER,CTHR
CLOTH LA.PPER,CLLP
CLOTHMAKER,CHMKR
CLOWN,CLWN
COACHBUILDER,CCHBLDR
COACHMAKER,CCHMKR
COACHMAN/COACH DRIVER,CCHMN
COACH PAINTER,CHPTR
COAL DRAWER PTR,(PUTTER)
COAL MERCHANT,CMC
COALMAN,CMN
COBBLER,CBLR
COFFEE HOUSEKEEPER,CFEKPP
COLLIER,CLR
COLLIERY AGENT,COLAGT
COLLIERY MANAGER,COLMAN
COLONEL,COL
COLONISATOR,CLNT
COMEDIAN,CDN-
COMBMAKER,CBMKR
COM. ENGINEER,CENGR
COMM. MERCHAN'.r,CCMCHT
COMMENDATORE C.M,D
COMMERCE,CMMR
COMMERCE MAN,CMMR
COMMERCIAL CLERK,CMCL
COMMERCIAL TRAVELLER,CTRV
COMMISSION AGENT,CMAGT
COMMISSIONER,CMMSR
COMPOSITOR,CMPR
COMPOSER,CMP
CONDUCTOR,CON
CONFECTIONER,CNF
CONFESSOR,CFR
CONSERVATOR,CONS
CONSTABLE,CN
CONSTABLE/PARISH,PARCON
CONSUL,CSL
CONTRACTOR,CTTR
COOK,GK
COOK MA.IDE,CKM
COOPER,CPR
COPIER,CPYR
COPPERPLATE PRINTER,CPPRNTR
COPPERSMITH,CPRSMH
CORAL WORKER,CRL
CORDWAINER,SHMK
CORD WINDER,CDW
CORKCUTTER,CKCTR
CORN MERCHANT,CRMCHT
CORN MILLER,CRNM
CORSET-STAY MAKER,CST
CORSOT,CORST
COTC':EIM,COT
COTTON BLEACHER CTNB,LR
COTTON BROKER,CTNBRKR
COTTON BUYER,CTNBYR
COTTON DRESSER,CTNDR
COTTON MANUFACTURER,CTMNF
COTTON SPINNER,CTNSP
COTTON MILLER,CMR
COTTON STRETCHER,CTNSTCR
COUCHMAN,COUM
COUNT NBL,(NOBILIT
COUNSELLOR,CSLR
COUNTRY MA.IDE,CTYMD
COUNTRY MAN,CTYM
COUNTRY WOMAN,CTYW
COURIER,CRR
COURT COUNSELLOR,CCLR
COWBOY,CB
CROFTER,CRTR
CULTIVATOR,FMR
CURGESS,CRG
CURER,CRR
CURRIER,CUR
"""' CUSTOMS OFFICIAL",CUOF
C_UTLER,CTL
CUTTER,QTR
DAGUROTYPIST,DGRT
DAIRYMAN,DARY
DAIRYMAID,DARYMD
DANCER,DNCR
DANCING MASTER/,DNC
DEALER,DLR
DECORATOR,DCT
DELEGATE (DEPUTY),DEL
DELVER,DLV
DENTIST,DT
DESIGNER,DSGR
DIAMOND CUTTER,DIACTR
DIE SINKER,DSK
DIET MAKER,DMK
DIGGER,DGR
DIPLOMAT,DIP
DIRECTOR,DTR
DISTILLER,DSTLR
DIVER,DIR
DIVINITY STUDENT,DVSTDNT
DOCTOR,DR
DOCTOR OF LAW,DRL'
DOCTOR OF PHILOSOPHY,PHD
DOMESTIC,DMS
DONKEYMAN,DKYMN
DRAFE,DRE
DRAFTSMAN/DRAU..G HTSMAN,DFTMN
DRAMATIC/DRAI-1ATIC,AR·(ACTOR)
"DRAPER/DEALER IN CLOTH,.",DPR
DRY,GOODS
DREINER,DNR
DRESSER,DRS
DRESSMAKER,DRSMKR
DRILLER,DRL
DRIVER CCHMN.,(COACHMAN)
DRUGGIST,DRG
DRUMMER,DRMR
DRYGOODS,DRYGDS
DYER,DYR
ECONOMIST,ECON
EDITOR,ED
EGG DEALER,EGD
EGG SORTER,EGS
ELECTNICAL ENGINEER,EEGNR
ELECTRICIAN,ELN
ELECTROPLATER,ELPLR
ELOCUTIONIST,ELO
EMBELLISHER,EMEL
EMBROIDERER,EMBD
ENGINE DRIVER,ENGD
ENGINEER,ENGR
"ENGINEERS, ROYAL",RCENGR
CORPS,OF
.ENGINE FITTER,ENGFTR
ENGINE KEEPER,ENKR
ENGRAVER,EGR
EQUESTRIAN,EQ
ESTATE,EST
ESTATE AGENT,ESTAGNT
EVANGELIST,EVNGT
EXCAVATOR,EXCV
EXlfIBITION,EXB
EXHORTER,EXHT
EXPORTER,EXPT
FACTOR,FT
FACTORY WORKER,FWKR
FAMILY SERVANT,FYSVNT
FA-BEER (DYER),DYR
FARM HAND,FHAD
FARM LABORER,FLABR
FARM SERVANT,FSVNT
FARM STEWARD,FMSTWD
FARMER,FMR
FARMERS & LABORERS,FMLA
FARMERS & MECHANICS,FRSMCS
"FARMERS, LABORERS &",FMLAMCS
"FARMERS, LABORERS,",FMµMEMCS
MERCHANTS &,MECHANICS
FARRIER,FRR
FATHER,FA
FELT MAKER,FLTM
FIDDLER,FID
FIGURIST,FGR
FILER,FIL
FINANCE AGENT,FINA
F-INISHER,FfWHR
FIRE INSURANCE MAN,FNSM
..;:. FIREMAN,FRMN
FIREWORKS MAN,FRWKMN
"FISH HOOK Mft..KER ,",FSHK
FISH MONGER,FMGR
FISHER MAN,F:SHMN
FI'I'T-ER ·,FTR
FLAXDRESSER,FLAXOR
FLESHER,FLSH
FLOCKMAKER,FLC
FLORIST,FLST
FLOWER MAKER,FLWMKR
FLOWER SELLER,FLWSLR
FOOTMAN,FTMN
FOREMAN,FRMN
FORESTER,FSR
FORGEMAN,FRG
FOUNDER,FDR
FOUNDER OF IRON WORK,FDRIW
FOUNDRYMAN,FYMN
FOYER,FY
"""FRAME MAKER",FRMKR
FRAME TENDER,FRTDR
FRAME WORK KNITTER,FWK
FRENCH POLISHER,JWLPLH
FRINGE MAKER,FRNGMR
FRUIT DEALER/SELLER,FRD
FRUIT GROWER,FFMR
FULLER,FUL
FULLING MILLER,FUI.MLR
FUND HOLDER,TRSR
FURNACE FITTER,FUFTR
FURNACE KEEPER,FUKP
FURNISHER,FNSHR
FURNITURE MAKER,FURNM
FURRIER,FUR
FUSTIAN CUTTER,FSCTR
GAMESKEEPER,GKPR
GARDENER/GROWER,GDNR
GASFITTER,GSF
GEOMETRE,GEOM
GENERAL AY,(ARMY)
GENT AGENT,GAGNT
GENTLEMAN,GENT
GERBER TNR,(TANN
GILDER,GLDR
GIRDLER,GRL
GLASS BLOWER,GLSBR
GLASS CUTTER,GLSCTR
GLASS FIXER,GLSFXR
GLASS GRINDER,GL~GDR
GLASS MAKER,GLSMKR
GLASS SELLER,GLSL
GLASSER,GLSR
GLAZIER,GZR
GLOVE CUTTER,GLVC
GLOVE MAKER,GLMK
GLOVER,GLVR
GLOW CUTTER,GLWC
GOATHERD,GTHD
~-· GOLDBEATER,GDBT
qoLD. _REFINER,GDRF
GOLDSMITH,GDSM
GOVERNESS,GVNS
GOVERNMENT SERVICES,GVTS
GRAIN MERCHANT,GMCHT
GRAVER EGR,(ENGRAVER)
GRINDER,GDR
GROCER,GCR
GROCER CLERK,GCRCL
GROOM,GM
GROWER,GDNR
R) GUILDER,GUL
GUN FINISHER,GFHR
GUNSMITH,GSMH
GYMNAST,GYMN
GYPS ER,GYP
HACKLER,HCKLR
HAIRDRESSER,HRDRS
RAINES MAKER,HANK
HARDWARE MERCHANT,HDWMR
HARNESS BAKER,HRSB
HARNESS MAKER,HRSM
HATMAKER,HTR
HATTER,HTR
HAT TRIMMER,·HTTR
HELP,HP
HERD,HD
HIST. PAINTER,PNTRH
HOOP MERCHANT,HP.)!CHT
HORSE DEALER,HRSDLR
HORSEMAN/ATTENDENT,HRSMN
HORSE TRAINER,HRSTNR
HOSPITAL ORDERLY,HSO
HOSS,HTL
HOSTLER GM,(GROOM)
HOUSE-COOK,HSCK
HOUSE KEEPER,HSKPR
HOUSE MAID,HSMD
HOUSE SERVANT,DMS
HOUSE· ·STEWARD,HSTWD
HOUSE WIFE,HSWF
HOUSE WOMAN,HSW
HOSIER,HS
HOTEL KEEPER,HTLKPR
HOTEL MANAGER,HTLMGR
IMMIGRANT,u
IMPORTER,IPTR
IMPRESARIO,IMP
"IMPRINTER, LITHOGRAPHER",IMPLIT
INDEPENDENT,IND
INDUSTRIALIST,INDT
INDUSTRY MAN,INDMN
INDUSTRY WOMAN,INDW
INNKEEPER,INKP
INSPECTOR,ISP
INSTITUTOR,INSTR
INSTRUMENT AGENT.,IAGNT
INSTRUMENT TUNER,TNI
INSTRUMENT MAKER,IMb
INSURANCE,INS
INSURANCE MANAGER,INSM
INTERPRET.ER,INTP
IRON DRESSER,IRDR
IRON FOUNDER,FEFNDR
IRON MAKER,INMKR
IRON MANUFACTURER,IRMNF
IRON MERCHANT,IMCHT
IRON MINER,IRMNR
~- IRON MONGER,INMNGR
IRON MOULDER,IRNMLDR
IRON ROLLER,IRNR
IRON SHIP BUILDER,ISB
IRON TURNER,IRNT
IRQ:r{ WORKER .,INWKR
LAD,(LAUNDERESS)
IVORY TURNER,IVT
JEWELRY POLISHER,JWLPLH
JOBBER,JOBB
JOINER'S SERVANT,JNRS
JOURNALIST,JNLST
JOURNEY MAN,JRNM
JOURNEY WOMAN,JRNW
JUDGE,JDG
NARA Reference,Copy
KEY,MAKER
KETTLEFUL,KTF
KNIFE GRINDER,KNGR
KROS ESTATE,KEST
KENNMAN,KNL
LABORER,LABR
LABORER WIFE,LABRW
LABRADOR,LABRD
LACE DEALER/FACTOR,LCDLR
LACE MAKER,LCMKR
LADY,LDY
LADY MAID,LDMA
LAMP MAKER,LPMKR
LAND AGENT,LDAGNT
LANDLORD,LLD
LAND OWNER,LDOWR
LAST MAKER·,LSTM
LAUNDRESS/WASHWOMAN LAD,":"""
'LAUNDRY MAN,LAD
LAW STUDENT,LSTDNT
LAWYER,LWYR
LEAD MINER,LDMNR
LEATHER CUTTER LR,CTR
LEATHER DEALER,LEDLR
LEATHER DRESSER,LRFH
LEATHER FINISHER,LRFH
LEATHER MAJ\TUFACTURER,LMNFTR
..;: LECTOR,LCT
LECTURER,LECT
LEECH IMPORTER,IPTRL
LEMONADE SELLER ·· FRD,(FRUIT
LETTER CUTTER,LCTR
LIEUTENANT,LT
LIGHTER MAN,LGTM
LIME BURNER,LMB
LINEN BLEACHER,LNBL
LINEN DRAPER,LDPR
LINEN LAPPER,LDLAR
LINEN IMPORTER,LIPTR
LINEN MAKER,LNM
LINEN MANUFACTURER,LNMFTR
LINGUIST,LNG
LIQUOR,LQR
LIQUOR DEALER,LQRDLR
LIQUORIST,LQT
LIQUOR MAKER,DSTLR
LITERARY MAN,LTRMN
· LITHOGRAPHER,LITGR
LITHOGRAPHER PRINTER,LITGRP
LOCK SMITH,LKSH
LOOMFIXER,LMF
LOOM MAKER,LMKR
LONGSHOREMAN,"Q,A"
LUMBER MAN,LMBRM
LYRIC ARTIST SING,(SINGER)
M.P.,MP
MACARONI MAKER,BKR
MACHINE DRILLER,MMDL
MACHINE MAKER,MACHMKR
MACHINERY,MACHRY
MACHINIST,MACH
MAID,SVNT
MAJOR,MJR
MAKER,MKR
MALTSTER,MLSTR
MANAGER,MGR
MANGLER,MGLR
MANSERVANT,MSVrQ
MANTEAU MAKER,MTMKR
MANTLE MAKER,MNTL
MANUFACTURER,MNFTR
MANUFACTURER OF ARMS,AMR
MANUFACTURING CHEMIST,CMSTM
MARBLE CUTTER,MCTR
MARBf.E MERCHANT,MMCHT
MARBLE POLISHER,MPOL
MARCHESE/MARCHESA,MRHS
MARINE ENGINEER,MENG
MARINER,MRNR
MARINES,MRNS
MARRIED W,(WIFE)
H,(HUSBAND)
MARRIER,MAR.
MASON,MSN
MASON MAKER,MSMK
MASTER,MST
MASTER OF SHIP,CPT
MATRON,MA
MEALER,MR
MEASURER,MSR
MEATMAN,MTM
MECHANIC,MECH
MEDIAN,MDN
MEDICAL,MED
MEDICAL STUDENT,MEDST
MERCHANT,MCHT
"·MERCHANT, REI'IRED",MCHTRET
METAL CARRIER,MLCR
METALLURGIST,·METLGT
MIDWIFE,MDW
MILKMAID,MKMD
MILKMAN,MKMN
MILLER,MLR
MILL HAND,MLHND
MILLINER,MLNR
MILL OPERATOR,MLOPR
MILL OVERSEER/MANAGER,MLOV
MILL WORKER,MLW
MILL WRIGHT,MLWR
MINE ENGINEER,MNRE
MINER,MNR
MINERALOGIST,MNLG
""" MINING",AGENT
I~,MAG
MOUNTAIN,CUTTER
MOUNTER,(FR)
MULE,DRIVER
MUSICAL,AGENT
MUSICAL,DIRECTOR
MUSIC,DEALER
MUSIC,TEACHER
MUS,TCHR
NAILER,NLR
NAILER,MAKER
NAIL SMITH,NLRM
NAVAL.COMMANDER,NVYCMD
NAVAL OFFICER,NVOF
NAVIGATOR,NVGT
NAVY,NVY
NAVY CAPTAIN,NVYCPT
NAVY STEWART,NVYST
NAVVY,NAY
(Fr.,'terrassier')
NEARER,NER
NEEDLE MANUFACTURER,NDM
NEEDLE WOMAN,NDL\.f'
NEGOTIATOR,TRD
NET MAKER,NTMKR
NEWSPAPER.,NWP
NOBOLITY,NBL
OFFICER,NCO
NONE­,NN
NOTARY PUBLIC,NOTPUB
NUl\SE NRS,;
NURSE MAID,NRSM
NURSE NIGHT,NRSN
NURSERYMAN,NRSYMN
OCCULTIST,occ
OPERA MANAGER,OPM
ORANGE GROWER,ORG
ORGAN BUILDER,OGNBDR
ORGAN MAKER,OGNMK
ORGANIST,OGNST
GM,(.~ROOM)
.OVERLOOKER OVRSR,(OVER
OVERSEER,OVRSR
PACKER,PK
1PAGE,PG
PAINTER,PNTR
PAPER HANGER,PPHGR
PAPER MAKER,PPMKR
PAPER MANUFACTURER,PPMPR
PAPER STAINER,PPSTR
PARDNER,PDNR
PARGETER,PRG
PARISH CONSTABLE,PARCON
PASTE MAKER,PSMK
PASTER,PST
PASTERY MAKER,PASM
PASTE SELLER,PSSL
PATENT AGENT,PAGNT
PATTERN DESIGNER,PTDSGR
"PATTERN MAKER ,",PTMKR
PAVER,PVR
PAWN BROKER,PWB
PEARL BUTTON WORKER,BTNMP
PEARL CUTTER PLC,TR
PEASANT,PSNT
PEDDLER,PDLR
PEDLAR,PDLR
PENCIL DRAWER,ART
PEN,MAKER
PENSIONER,PEN
PERFUMER,PRF
PEWTERER,PWT
PHARMACIST,ams
PHILOSOPHER,PHS
PHILOSOPHY STUDENT,PHST
PHOTOGRAPHER,PH
PIANIST,PINST
PIANO MAKER,PMKR
PIANO MANUFACTURER,PMNFTR
PIANO TUNER,PTNR
PICTOR,PNTR
PIECER,PCR
PIN MAKER,PNM
PIONEER,PIR
PIPE MAKER,PPMKR
PIPER,PPR
PITMAN,PTM
PLAITER,PLR
PLANTER,PLNTR
PLASTERER,PLSTR
PLEGER,PLGR
PLOUGHMAKER,PLGMKR
PLOUGHMAN,PLGM
PLOUGHWOMAN,PLGW
PLUMBER,PMBR
POET,PO
POINTER,PNR
' POLICEMAN,PLMN
POLISHER,PLH
POSSIDENT,PSSR
POST ASSISTANT,PAST
POST MISTRESS,PMS
POST OFFICER,POST
POT BOY,PTBY
POT MAKER,PTYM
POTTER,PT
POTTERY MAKER,PTYM
PORTAR/PORTER,PRTR
PORTMANTEAU MAKER,PMM
POULTERER,PLTR
POWDER MA.KER,PDRMKR
PREACHER,PRCH
PRESIDENT,PRES
PRESSMAN,PRS
PRIEST,PREST
PRINCIPAL,PRL
PRINT CUTTER,PRNTCTR
PRINTER,PRNTR
PRIVATE MAN,PVTM
PRIVATE WOMAN,PVTW
FRIVATIER,PVTR
PRODUCT BROKER,:t'RDBR
PROFESSIONAL,PFNL
PROFESSOR,PROF
PROOFREADER,PRFR
PROPPESMAKER,PRM
PROPRIETOR,PPTR
PROVISION MERCHANT,PVMT
FRUMAN,PRMN
PUBLICAN,PEL
PUBLISHER,PUB
PUCKER,PKR
PUDDLER,PUD
PUGILIST,PUG
PUMP MAKER,PUMK
PURSE MAKER,PURMKR
PUTTER,PTR
QUAY,MAN/
WHARF,WORKER/
ENGINEER,RRNG
RAILWAY MANAGER,RRMGR
RAILWAY PORTER,RRP
RANCHER,RCR
RANGER,RNGR
RAZOR MANUFACTURER,RMNFTR
REAL ESTATE AGENT,REAGT
REFRIGERATOR,RFG
REFRIGERATOR ATTENDANT,RFGAT
RELIGIOUS (for nuns),RE
RELIGIOUS-NOTRE,DAME
RENTER,RR
RENTIER,RTR
REPORTER,RPTR
RESTAURANT,REST
RESTORER,RST
RETIRED,RET
RETIRED MERCHANT,MCHTRET
MAKER,RETMKR
REVITER,RVR
... RIBBON MAKER,RBM
RIGGER,RGR
ROLLER,ROLR
ROOF MAKER,RFMK
ROPE MAKER,RPR
ROYAL CORPS OF ENGINEERS,RCENGR
SADDLER,SDLR
SADDLER MAKER,SDLMKR
SAILOR/SAILORESS,SLR
SAIL MAKER,SLMKR
SALE MAKER,SLMK
SALESMAN,SLSMN
SALOON KEEPER,SLKP
SALTER,SALT
SAWER/SAWYER,SWR
SAWFILER,SWF
SAWMAKER,SWMKR
SCALE MAKER,SCM
SCHOOL MASTER,"SCHM"""
"""SCHOLAR",SCH
SCISSORS MAKER,SCSM
SCRIVINER,SCRV
SCULPTOR,SCP
SEA CAPTAIN,CPT
SEAMAN,SEMN
SEAMSTRESS,SMSTS
S$CRETARY,SEC
"SECRETARY-YMCA""",SEC-YMCA
-.: SEEDMAN,SDM
SELLER,SLL
SELLER OF PASTE,PSSL
SEMINARIAN,THST
SEMPSTRESS/SEAMsTRESS,SMSTS
SERVANT,SVNT
SERVING MACHINIST,SMACH
SETTEL-UP,SUP
SETTER,STR
SETTLER,STLR
SETTMAKER,SMKR
SEWER,SMSTS
SHARFEN,SHF
SHAVER,SHV
SHEARER,SHR
SHEEP DEALER,SHFM
SHEEP FARMER,SHFM
SHEEP HERDER,SHFM
SHEET MANUFACTURER,SHMFTR
SHEPHERD,'SHFM
SHIPBROKER,SBRK
SHIP CHANDLER,SHCHND
SHIP MAKER,SHPMKR
SHIP MASTER,CPT
SHIP OWNER,SHPO
SHIP'S CARPENTER,SHPC
SHIP SURGEON,SGNS
SHIPPER,SHPR
SHIPPING,SHPG
SHIPSMITH,SHSM
SHIPWRIGHT,SHPWRT
SHIRT MAKER,SRTMKR
SHOE BINDER,SHBND
SHOEMAKER,SHMK
SHOE MANUFACTURER,SHMNFTR
SHOP APT,SAFT
SHOP ASSISTANT,SHPAST
SHOP BOY,SHB
SHOP KEEPER,SHPKR
SHOP MAN,SHPMN
SHOWMAN,SHW
SIEVE MAKER,SVMKR
SIGAR LAB,SGRL
SIGN MAKER,SGNMKR
SIGN PAINTER,SPNTR
SILK DYER,SDYR
SILK MANUFACTURER,SMNFTR
SILK MERCHANT,SMCHT
SILK SPINNER,SSPNR
SILK WEAVER,SWVR
PLATER,SLPL
SILVERSMITH,SLSMH
SINGER,SING
SINGLE,SGL
SKINNER,SKR
SLATER,SLT
SLOBER,SLBR
SMELTER,S.ML
SMIDTH,SMD
SMITH,SMH
SOAP BOILER,SPB
SOAP MAKER,SPM
SODA WATER MAKER,SDWM
SOLDIER,SLD
SOLICITOR SL,CTR
SPECULATOR,SPEC
SPINNER,SPNR
SPINSTER,SP
SPORTSMAN,SPRTMN
SPRINGMAKER,SPMK
STABLEMAN,STLMN
STAMP MAKER,STAMKR
STARCH MA.KER,STHMKR
STATESMAN,STMN
STATIONER,STNER
STATUARY,SCP
STAY MAKER,CST
STELL MAKER,STMKR
STENOGRAPHER,STNG
STEVEDORE,QA
STEWARD,STWD
STWEDARDESS,STWS
STEWARD'S-OF-ROOM,STWD
STEWARD-OF-THE-STORES,STWST
STICK MAKER,STMA.KR
STICKDRESSER,STDRS
STIFF PRESSER,STPRS
STOCK BROKER,STKB
STOCK MAKER,STKMKR
1 STOCKMAN,STKM
STOCK RAISER,STKR
STOCKING WEAVER,STKW
STOKER,STK
STOKER-GAS,STKG
STONE BREAKER,STB
STONE CUTTER,STCTR
STONE DEALER,STDLR
STONE MASON,STMSN
STONE POLISHER,STPLH
STONER,STNR
STORE CLERK,STCL
STOREKEEPER,STKPR
STOVE MANUFACTURER,STVMN
STRAP PRESSER,STPR
STREET CLEANER,STCLR
STUCCO WORKER,STCWKR
STUDENT,STDNT
SUBDUER,OVRSR
SUGAR BAKER,SUGB
SUGAR REFINER,SUGF
",,, SUPERATTENDENT",SPAT
SUPER CARGO,MCHT
SUPERINTENDENT,SUPT
SUPERINTENDENT,OF
RAILWAY WORKERS,SUPTRW
SURGEON,SGN
SURVEYOR,SVYR
SWEEPER,SWP
TABLE MAKER,TBMK
TAILOR/TAILORESS,TLR
TALISMAN,TLSMN
TALLON CHANDLER,TALCH
TALLOW CHANDLER,TACH
TANNER,TNR
TAVERNER,TVN
TEA DEALER,TDLR
TEA TASTER,TTR
TEACHER,TCHR
TEACHER OF LANGUAGES,TCHRL
TEAMSTER,TER
TELEGRAPH CLERK,TGC
·TENOR,TN
TENTER,TNT
TERRACE MAKER,TERM
TESSITORE,WVR
THEATRICAL AGENT,AGNTTH
THEOLOGICAL STUDENT,THST
THEOLOGY PROFESSOR,THPROF
THIEF,THF
THREAD MAKER,TMKR
THREAD TENDER,TTDR
TILE MAKER,TILM
TILES,TR
TILLER,TIL
TIMBER CUTTER·,TMCTR
TIMBER MERCHANT,TMBMCHT
TINKER,TKR
TIN MAKER,TNMK
TINMAN,TNM
TINNER,TIR
TINSMITH,TNSTH
TINPLATE WORKER,TIPWK.R
TOBACCO LABORER,TBCL
TOBACCO MANUFACTURER,TBCMNFTR
TOBACCO MERCHANT,TBCMCHT
TOBACCONIST,TBCMCHT
TOOLMAKER,TLM
· TOURIST,TT
TRADE MAN,TRDM
TRADER,.TRD
TRAINER,TRNR
TRAVELER,TRVLR
TREASURER,TRSR
TRIMMER,TRMR
TRIMMING MAKER,TRMM
TRUCKMAN,TRM
TUBE MAKER,TBMR
TUNER OF INSTRUMENTS,TNI
TURNER,TU
TURNER FITTER,TUFTR
TWIN,TW
TWIN-BROTHER,TWB
·TWISTER,TWT
1TYPE FOUNDER,TPF
TYPEOGRAPHER,TPGPH
TYPE SEI'TER,TPS
UNDER-WRITTEN,UWRT
UNDERWRITER,UNDWRT
UPHOLSTERER,UPHST
U.S. CONSUL US,CSL
U.S. NAVY OFFICER,USNO
U.S. SENATOR,USS
VARNISHER,VAR
VASE,MAKER
VELVET WORKER,VLT
VETERINARIAN,VET
VET. SURGEON,VSGN
VICTUALLER,VCLT
VINEGAR MAKER,VINM
VINTNER,VNT
VIOLINLIST,VIOL
VOCALIST,SING
WAGONER/WAGON DRIVER,WGNR
WAGON MAKER,WGGM
WAISTCOAT MAKER,TLRW
WAITER,WTR
WAITRESS,WTRS
WALL CLEANER,WLCR
WAREHOUSE MAN,WRHSMN
WAREHOUSE WORK,WRHWK
WARMER OF FORGE,STK
WARP DRESSER,WLW
WARPER,WRPR
WASH WOMAN,LAD
.WATCHMAN,WMN
WATERMAN,WET
WATERPROOF MAKER,WTRPR
WAX MAKER,WXM
WEAVER/TESSITORE,WVR
WEIGHER,WGHR
WELDER,WLD
WERIDRAWER,WID
WHARF/QUAY WORKER,"Q,A"
WHEELER,WHLR
WHEELRIGHT,WHR
WHITESMITH,WSMH
WIDOW,WI
WIFE,WIFE
WIFE OF,SHIP's
CARPENTER,WCPTRS
WIGMAKER,WGW
WINE GROWER,WGR
WINE MERCHANT,WMCHT
WIRE DRAWER,WIDR
WIRE WEAVER,WIWVR
WIRE WORKER,WIWKR
WITT,WITT
WOOD CARVER,WDCV
WOOD CORDER,WDCDR
WOOD CUTTER,WDCTR
WOOD MAN,WDMN
WOOD MERCHANT,WDMCHT
WOOD NAWER,WDCTR
WOOD RANGER,WDRNGR
WOOD TURNER,WDTU
WOOL,COMBER/
WOOL STAPLER,WLCM
WOOL CORDER,WLC
WOOL DRESSER,WLDR
WOOL DYER,WLDYR
WOOL,MERCHANT/
WOOL,DEALER/
WOOL DRAPER,WLMCHT
WOOL SORTER,WLSR
WOOL SPINNER,WLS
WOOLEN MANUFACTURER,WMNFTR
WORKER OF HAIR,WKRHR
'WORM,CUTTER
WRIGHT,WGT
WRITER,WRT
WRITING MAN,WRT
WRITING MASTER,WRTM
YEOMAN,YMN